{"cameraMode":{"drawMode":0,"name":"Shaded","section":"Shading Mode"},"sceneLighting":false,"audioPlay":false,"sceneViewState":{"m_AlwaysRefresh":false,"showFog":true,"showSkybox":false,"showFlares":true,"showImageEffects":true,"showParticleSystems":true,"showVisualEffectGraphs":true,"m_FxEnabled":true},"in2DMode":false,"pivot":{"x":-0.04290342330932617,"y":0.3308461904525757,"z":0.6926290988922119},"rotation":{"x":-0.24018846452236176,"y":0.7597643136978149,"z":-0.4223255217075348,"w":-0.43221017718315127},"size":1.0316014289855958,"orthographic":false}